{
  "_generated": "Generated by SweetTooth, do not edit",
  "description": "This extension moves legacy tray icons (bottom left of Gnome Shell) to the top panel. It is a fork from the original extension from ag  with settings for icon opacity, saturation, padding, size and tray position, along with a few minor fixes and integration with the Skype integration extension.",
  "gettext-domain": "TopIcons-Plus",
  "name": "TopIcons Plus",
  "settings-schema": "org.gnome.shell.extensions.topicons",
  "shell-version": [
    "3.34",
    "3.36"
  ],
  "url": "https://github.com/phocean/TopIcons-plus",
  "uuid": "TopIcons@phocean.net",
  "version": 27
}